113,1103, 5
public void dijkstraT1 (int graph [] [], int src) {
public void dijkstra (int graph [] [], int src) {
-------------------------------------------------
113,1143, 6
public void dijkstraT1 (int graph [] [], int src) {
public void shortestPath (int adjacencyMatrix [] [], int source) {
-------------------------------------------------
113,1173, 7
public void dijkstraT1 (int graph [] [], int src) {
public void bellmanFord (int graph [] [], int src) {
-------------------------------------------------
113,1153, 8
public void dijkstraT1 (int graph [] [], int src) {
public void dijkstraWithPathTracking (int graph [] [], int src) {
-------------------------------------------------
